scenario_id,timestamp,location_id,feeder_id,synthetic_constraint_index,synthetic_overload_flag,synthetic_overload_mw,scenario_basis,is_synthetic,source_note
gliwice_sunny_low_demand_v1,2026-04-18T00:00:00+02:00,gliwice,gliwice_f01,0.0,false,0.0,"sunny spring day, local low-demand PV reverse-flow stress",true,not Tauron operational data
gliwice_sunny_low_demand_v1,2026-04-18T01:00:00+02:00,gliwice,gliwice_f01,0.0,false,0.0,"sunny spring day, local low-demand PV reverse-flow stress",true,not Tauron operational data
gliwice_sunny_low_demand_v1,2026-04-18T02:00:00+02:00,gliwice,gliwice_f01,0.0,false,0.0,"sunny spring day, local low-demand PV reverse-flow stress",true,not Tauron operational data
gliwice_sunny_low_demand_v1,2026-04-18T03:00:00+02:00,gliwice,gliwice_f01,0.0,false,0.0,"sunny spring day, local low-demand PV reverse-flow stress",true,not Tauron operational data
gliwice_sunny_low_demand_v1,2026-04-18T04:00:00+02:00,gliwice,gliwice_f01,0.0,false,0.0,"sunny spring day, local low-demand PV reverse-flow stress",true,not Tauron operational data
gliwice_sunny_low_demand_v1,2026-04-18T05:00:00+02:00,gliwice,gliwice_f01,0.0,false,0.0,"sunny spring day, local low-demand PV reverse-flow stress",true,not Tauron operational data
gliwice_sunny_low_demand_v1,2026-04-18T06:00:00+02:00,gliwice,gliwice_f01,0.0,false,0.0,"sunny spring day, local low-demand PV reverse-flow stress",true,not Tauron operational data
gliwice_sunny_low_demand_v1,2026-04-18T07:00:00+02:00,gliwice,gliwice_f01,0.0,false,0.0,"sunny spring day, local low-demand PV reverse-flow stress",true,not Tauron operational data
gliwice_sunny_low_demand_v1,2026-04-18T08:00:00+02:00,gliwice,gliwice_f01,0.0,false,0.0,"sunny spring day, local low-demand PV reverse-flow stress",true,not Tauron operational data
gliwice_sunny_low_demand_v1,2026-04-18T09:00:00+02:00,gliwice,gliwice_f01,0.2006,false,0.0,"sunny spring day, local low-demand PV reverse-flow stress",true,not Tauron operational data
gliwice_sunny_low_demand_v1,2026-04-18T10:00:00+02:00,gliwice,gliwice_f01,0.7178,false,0.0,"sunny spring day, local low-demand PV reverse-flow stress",true,not Tauron operational data
gliwice_sunny_low_demand_v1,2026-04-18T11:00:00+02:00,gliwice,gliwice_f01,1.0,true,0.0139,"sunny spring day, local low-demand PV reverse-flow stress",true,not Tauron operational data
gliwice_sunny_low_demand_v1,2026-04-18T12:00:00+02:00,gliwice,gliwice_f01,1.0,true,0.0495,"sunny spring day, local low-demand PV reverse-flow stress",true,not Tauron operational data
gliwice_sunny_low_demand_v1,2026-04-18T13:00:00+02:00,gliwice,gliwice_f01,1.0,true,0.0218,"sunny spring day, local low-demand PV reverse-flow stress",true,not Tauron operational data
gliwice_sunny_low_demand_v1,2026-04-18T14:00:00+02:00,gliwice,gliwice_f01,0.8271,false,0.0,"sunny spring day, local low-demand PV reverse-flow stress",true,not Tauron operational data
gliwice_sunny_low_demand_v1,2026-04-18T15:00:00+02:00,gliwice,gliwice_f01,0.4633,false,0.0,"sunny spring day, local low-demand PV reverse-flow stress",true,not Tauron operational data
gliwice_sunny_low_demand_v1,2026-04-18T16:00:00+02:00,gliwice,gliwice_f01,0.0,false,0.0,"sunny spring day, local low-demand PV reverse-flow stress",true,not Tauron operational data
gliwice_sunny_low_demand_v1,2026-04-18T17:00:00+02:00,gliwice,gliwice_f01,0.0,false,0.0,"sunny spring day, local low-demand PV reverse-flow stress",true,not Tauron operational data
gliwice_sunny_low_demand_v1,2026-04-18T18:00:00+02:00,gliwice,gliwice_f01,0.0,false,0.0,"sunny spring day, local low-demand PV reverse-flow stress",true,not Tauron operational data
gliwice_sunny_low_demand_v1,2026-04-18T19:00:00+02:00,gliwice,gliwice_f01,0.0,false,0.0,"sunny spring day, local low-demand PV reverse-flow stress",true,not Tauron operational data
gliwice_sunny_low_demand_v1,2026-04-18T20:00:00+02:00,gliwice,gliwice_f01,0.0,false,0.0,"sunny spring day, local low-demand PV reverse-flow stress",true,not Tauron operational data
gliwice_sunny_low_demand_v1,2026-04-18T21:00:00+02:00,gliwice,gliwice_f01,0.0,false,0.0,"sunny spring day, local low-demand PV reverse-flow stress",true,not Tauron operational data
gliwice_sunny_low_demand_v1,2026-04-18T22:00:00+02:00,gliwice,gliwice_f01,0.0,false,0.0,"sunny spring day, local low-demand PV reverse-flow stress",true,not Tauron operational data
gliwice_sunny_low_demand_v1,2026-04-18T23:00:00+02:00,gliwice,gliwice_f01,0.0,false,0.0,"sunny spring day, local low-demand PV reverse-flow stress",true,not Tauron operational data
gliwice_sunny_low_demand_v1,2026-04-18T00:00:00+02:00,gliwice,gliwice_f02,0.0,false,0.0,"sunny spring day, local low-demand PV reverse-flow stress",true,not Tauron operational data
gliwice_sunny_low_demand_v1,2026-04-18T01:00:00+02:00,gliwice,gliwice_f02,0.0,false,0.0,"sunny spring day, local low-demand PV reverse-flow stress",true,not Tauron operational data
gliwice_sunny_low_demand_v1,2026-04-18T02:00:00+02:00,gliwice,gliwice_f02,0.0,false,0.0,"sunny spring day, local low-demand PV reverse-flow stress",true,not Tauron operational data
gliwice_sunny_low_demand_v1,2026-04-18T03:00:00+02:00,gliwice,gliwice_f02,0.0,false,0.0,"sunny spring day, local low-demand PV reverse-flow stress",true,not Tauron operational data
gliwice_sunny_low_demand_v1,2026-04-18T04:00:00+02:00,gliwice,gliwice_f02,0.0,false,0.0,"sunny spring day, local low-demand PV reverse-flow stress",true,not Tauron operational data
gliwice_sunny_low_demand_v1,2026-04-18T05:00:00+02:00,gliwice,gliwice_f02,0.0,false,0.0,"sunny spring day, local low-demand PV reverse-flow stress",true,not Tauron operational data
gliwice_sunny_low_demand_v1,2026-04-18T06:00:00+02:00,gliwice,gliwice_f02,0.0,false,0.0,"sunny spring day, local low-demand PV reverse-flow stress",true,not Tauron operational data
gliwice_sunny_low_demand_v1,2026-04-18T07:00:00+02:00,gliwice,gliwice_f02,0.0,false,0.0,"sunny spring day, local low-demand PV reverse-flow stress",true,not Tauron operational data
gliwice_sunny_low_demand_v1,2026-04-18T08:00:00+02:00,gliwice,gliwice_f02,0.0,false,0.0,"sunny spring day, local low-demand PV reverse-flow stress",true,not Tauron operational data
gliwice_sunny_low_demand_v1,2026-04-18T09:00:00+02:00,gliwice,gliwice_f02,0.0,false,0.0,"sunny spring day, local low-demand PV reverse-flow stress",true,not Tauron operational data
gliwice_sunny_low_demand_v1,2026-04-18T10:00:00+02:00,gliwice,gliwice_f02,0.2701,false,0.0,"sunny spring day, local low-demand PV reverse-flow stress",true,not Tauron operational data
gliwice_sunny_low_demand_v1,2026-04-18T11:00:00+02:00,gliwice,gliwice_f02,0.7231,false,0.0,"sunny spring day, local low-demand PV reverse-flow stress",true,not Tauron operational data
gliwice_sunny_low_demand_v1,2026-04-18T12:00:00+02:00,gliwice,gliwice_f02,0.8697,false,0.0,"sunny spring day, local low-demand PV reverse-flow stress",true,not Tauron operational data
gliwice_sunny_low_demand_v1,2026-04-18T13:00:00+02:00,gliwice,gliwice_f02,0.7414,false,0.0,"sunny spring day, local low-demand PV reverse-flow stress",true,not Tauron operational data
gliwice_sunny_low_demand_v1,2026-04-18T14:00:00+02:00,gliwice,gliwice_f02,0.3947,false,0.0,"sunny spring day, local low-demand PV reverse-flow stress",true,not Tauron operational data
gliwice_sunny_low_demand_v1,2026-04-18T15:00:00+02:00,gliwice,gliwice_f02,0.0,false,0.0,"sunny spring day, local low-demand PV reverse-flow stress",true,not Tauron operational data
gliwice_sunny_low_demand_v1,2026-04-18T16:00:00+02:00,gliwice,gliwice_f02,0.0,false,0.0,"sunny spring day, local low-demand PV reverse-flow stress",true,not Tauron operational data
gliwice_sunny_low_demand_v1,2026-04-18T17:00:00+02:00,gliwice,gliwice_f02,0.0,false,0.0,"sunny spring day, local low-demand PV reverse-flow stress",true,not Tauron operational data
gliwice_sunny_low_demand_v1,2026-04-18T18:00:00+02:00,gliwice,gliwice_f02,0.0,false,0.0,"sunny spring day, local low-demand PV reverse-flow stress",true,not Tauron operational data
gliwice_sunny_low_demand_v1,2026-04-18T19:00:00+02:00,gliwice,gliwice_f02,0.0,false,0.0,"sunny spring day, local low-demand PV reverse-flow stress",true,not Tauron operational data
gliwice_sunny_low_demand_v1,2026-04-18T20:00:00+02:00,gliwice,gliwice_f02,0.0,false,0.0,"sunny spring day, local low-demand PV reverse-flow stress",true,not Tauron operational data
gliwice_sunny_low_demand_v1,2026-04-18T21:00:00+02:00,gliwice,gliwice_f02,0.0,false,0.0,"sunny spring day, local low-demand PV reverse-flow stress",true,not Tauron operational data
gliwice_sunny_low_demand_v1,2026-04-18T22:00:00+02:00,gliwice,gliwice_f02,0.0,false,0.0,"sunny spring day, local low-demand PV reverse-flow stress",true,not Tauron operational data
gliwice_sunny_low_demand_v1,2026-04-18T23:00:00+02:00,gliwice,gliwice_f02,0.0,false,0.0,"sunny spring day, local low-demand PV reverse-flow stress",true,not Tauron operational data
gliwice_sunny_low_demand_v1,2026-04-18T00:00:00+02:00,gliwice,gliwice_f03,0.0,false,0.0,"sunny spring day, local low-demand PV reverse-flow stress",true,not Tauron operational data
gliwice_sunny_low_demand_v1,2026-04-18T01:00:00+02:00,gliwice,gliwice_f03,0.0,false,0.0,"sunny spring day, local low-demand PV reverse-flow stress",true,not Tauron operational data
gliwice_sunny_low_demand_v1,2026-04-18T02:00:00+02:00,gliwice,gliwice_f03,0.0,false,0.0,"sunny spring day, local low-demand PV reverse-flow stress",true,not Tauron operational data
gliwice_sunny_low_demand_v1,2026-04-18T03:00:00+02:00,gliwice,gliwice_f03,0.0,false,0.0,"sunny spring day, local low-demand PV reverse-flow stress",true,not Tauron operational data
gliwice_sunny_low_demand_v1,2026-04-18T04:00:00+02:00,gliwice,gliwice_f03,0.0,false,0.0,"sunny spring day, local low-demand PV reverse-flow stress",true,not Tauron operational data
gliwice_sunny_low_demand_v1,2026-04-18T05:00:00+02:00,gliwice,gliwice_f03,0.0,false,0.0,"sunny spring day, local low-demand PV reverse-flow stress",true,not Tauron operational data
gliwice_sunny_low_demand_v1,2026-04-18T06:00:00+02:00,gliwice,gliwice_f03,0.0,false,0.0,"sunny spring day, local low-demand PV reverse-flow stress",true,not Tauron operational data
gliwice_sunny_low_demand_v1,2026-04-18T07:00:00+02:00,gliwice,gliwice_f03,0.0,false,0.0,"sunny spring day, local low-demand PV reverse-flow stress",true,not Tauron operational data
gliwice_sunny_low_demand_v1,2026-04-18T08:00:00+02:00,gliwice,gliwice_f03,0.0,false,0.0,"sunny spring day, local low-demand PV reverse-flow stress",true,not Tauron operational data
gliwice_sunny_low_demand_v1,2026-04-18T09:00:00+02:00,gliwice,gliwice_f03,0.0,false,0.0,"sunny spring day, local low-demand PV reverse-flow stress",true,not Tauron operational data
gliwice_sunny_low_demand_v1,2026-04-18T10:00:00+02:00,gliwice,gliwice_f03,0.0,false,0.0,"sunny spring day, local low-demand PV reverse-flow stress",true,not Tauron operational data
gliwice_sunny_low_demand_v1,2026-04-18T11:00:00+02:00,gliwice,gliwice_f03,0.0,false,0.0,"sunny spring day, local low-demand PV reverse-flow stress",true,not Tauron operational data
gliwice_sunny_low_demand_v1,2026-04-18T12:00:00+02:00,gliwice,gliwice_f03,0.0,false,0.0,"sunny spring day, local low-demand PV reverse-flow stress",true,not Tauron operational data
gliwice_sunny_low_demand_v1,2026-04-18T13:00:00+02:00,gliwice,gliwice_f03,0.0,false,0.0,"sunny spring day, local low-demand PV reverse-flow stress",true,not Tauron operational data
gliwice_sunny_low_demand_v1,2026-04-18T14:00:00+02:00,gliwice,gliwice_f03,0.0,false,0.0,"sunny spring day, local low-demand PV reverse-flow stress",true,not Tauron operational data
gliwice_sunny_low_demand_v1,2026-04-18T15:00:00+02:00,gliwice,gliwice_f03,0.0,false,0.0,"sunny spring day, local low-demand PV reverse-flow stress",true,not Tauron operational data
gliwice_sunny_low_demand_v1,2026-04-18T16:00:00+02:00,gliwice,gliwice_f03,0.0,false,0.0,"sunny spring day, local low-demand PV reverse-flow stress",true,not Tauron operational data
gliwice_sunny_low_demand_v1,2026-04-18T17:00:00+02:00,gliwice,gliwice_f03,0.0,false,0.0,"sunny spring day, local low-demand PV reverse-flow stress",true,not Tauron operational data
gliwice_sunny_low_demand_v1,2026-04-18T18:00:00+02:00,gliwice,gliwice_f03,0.0,false,0.0,"sunny spring day, local low-demand PV reverse-flow stress",true,not Tauron operational data
gliwice_sunny_low_demand_v1,2026-04-18T19:00:00+02:00,gliwice,gliwice_f03,0.0,false,0.0,"sunny spring day, local low-demand PV reverse-flow stress",true,not Tauron operational data
gliwice_sunny_low_demand_v1,2026-04-18T20:00:00+02:00,gliwice,gliwice_f03,0.0,false,0.0,"sunny spring day, local low-demand PV reverse-flow stress",true,not Tauron operational data
gliwice_sunny_low_demand_v1,2026-04-18T21:00:00+02:00,gliwice,gliwice_f03,0.0,false,0.0,"sunny spring day, local low-demand PV reverse-flow stress",true,not Tauron operational data
gliwice_sunny_low_demand_v1,2026-04-18T22:00:00+02:00,gliwice,gliwice_f03,0.0,false,0.0,"sunny spring day, local low-demand PV reverse-flow stress",true,not Tauron operational data
gliwice_sunny_low_demand_v1,2026-04-18T23:00:00+02:00,gliwice,gliwice_f03,0.0,false,0.0,"sunny spring day, local low-demand PV reverse-flow stress",true,not Tauron operational data
gliwice_sunny_low_demand_v1,2026-04-18T00:00:00+02:00,gliwice,gliwice_f04,0.0,false,0.0,"sunny spring day, local low-demand PV reverse-flow stress",true,not Tauron operational data
gliwice_sunny_low_demand_v1,2026-04-18T01:00:00+02:00,gliwice,gliwice_f04,0.0,false,0.0,"sunny spring day, local low-demand PV reverse-flow stress",true,not Tauron operational data
gliwice_sunny_low_demand_v1,2026-04-18T02:00:00+02:00,gliwice,gliwice_f04,0.0,false,0.0,"sunny spring day, local low-demand PV reverse-flow stress",true,not Tauron operational data
gliwice_sunny_low_demand_v1,2026-04-18T03:00:00+02:00,gliwice,gliwice_f04,0.0,false,0.0,"sunny spring day, local low-demand PV reverse-flow stress",true,not Tauron operational data
gliwice_sunny_low_demand_v1,2026-04-18T04:00:00+02:00,gliwice,gliwice_f04,0.0,false,0.0,"sunny spring day, local low-demand PV reverse-flow stress",true,not Tauron operational data
gliwice_sunny_low_demand_v1,2026-04-18T05:00:00+02:00,gliwice,gliwice_f04,0.0,false,0.0,"sunny spring day, local low-demand PV reverse-flow stress",true,not Tauron operational data
gliwice_sunny_low_demand_v1,2026-04-18T06:00:00+02:00,gliwice,gliwice_f04,0.0,false,0.0,"sunny spring day, local low-demand PV reverse-flow stress",true,not Tauron operational data
gliwice_sunny_low_demand_v1,2026-04-18T07:00:00+02:00,gliwice,gliwice_f04,0.0,false,0.0,"sunny spring day, local low-demand PV reverse-flow stress",true,not Tauron operational data
gliwice_sunny_low_demand_v1,2026-04-18T08:00:00+02:00,gliwice,gliwice_f04,0.0,false,0.0,"sunny spring day, local low-demand PV reverse-flow stress",true,not Tauron operational data
gliwice_sunny_low_demand_v1,2026-04-18T09:00:00+02:00,gliwice,gliwice_f04,0.3471,false,0.0,"sunny spring day, local low-demand PV reverse-flow stress",true,not Tauron operational data
gliwice_sunny_low_demand_v1,2026-04-18T10:00:00+02:00,gliwice,gliwice_f04,0.882,false,0.0,"sunny spring day, local low-demand PV reverse-flow stress",true,not Tauron operational data
gliwice_sunny_low_demand_v1,2026-04-18T11:00:00+02:00,gliwice,gliwice_f04,1.0,true,0.0569,"sunny spring day, local low-demand PV reverse-flow stress",true,not Tauron operational data
gliwice_sunny_low_demand_v1,2026-04-18T12:00:00+02:00,gliwice,gliwice_f04,1.0,true,0.0865,"sunny spring day, local low-demand PV reverse-flow stress",true,not Tauron operational data
gliwice_sunny_low_demand_v1,2026-04-18T13:00:00+02:00,gliwice,gliwice_f04,1.0,true,0.0639,"sunny spring day, local low-demand PV reverse-flow stress",true,not Tauron operational data
gliwice_sunny_low_demand_v1,2026-04-18T14:00:00+02:00,gliwice,gliwice_f04,0.9973,false,0.0,"sunny spring day, local low-demand PV reverse-flow stress",true,not Tauron operational data
gliwice_sunny_low_demand_v1,2026-04-18T15:00:00+02:00,gliwice,gliwice_f04,0.6196,false,0.0,"sunny spring day, local low-demand PV reverse-flow stress",true,not Tauron operational data
gliwice_sunny_low_demand_v1,2026-04-18T16:00:00+02:00,gliwice,gliwice_f04,0.1375,false,0.0,"sunny spring day, local low-demand PV reverse-flow stress",true,not Tauron operational data
gliwice_sunny_low_demand_v1,2026-04-18T17:00:00+02:00,gliwice,gliwice_f04,0.0,false,0.0,"sunny spring day, local low-demand PV reverse-flow stress",true,not Tauron operational data
gliwice_sunny_low_demand_v1,2026-04-18T18:00:00+02:00,gliwice,gliwice_f04,0.0,false,0.0,"sunny spring day, local low-demand PV reverse-flow stress",true,not Tauron operational data
gliwice_sunny_low_demand_v1,2026-04-18T19:00:00+02:00,gliwice,gliwice_f04,0.0,false,0.0,"sunny spring day, local low-demand PV reverse-flow stress",true,not Tauron operational data
gliwice_sunny_low_demand_v1,2026-04-18T20:00:00+02:00,gliwice,gliwice_f04,0.0,false,0.0,"sunny spring day, local low-demand PV reverse-flow stress",true,not Tauron operational data
gliwice_sunny_low_demand_v1,2026-04-18T21:00:00+02:00,gliwice,gliwice_f04,0.0,false,0.0,"sunny spring day, local low-demand PV reverse-flow stress",true,not Tauron operational data
gliwice_sunny_low_demand_v1,2026-04-18T22:00:00+02:00,gliwice,gliwice_f04,0.0,false,0.0,"sunny spring day, local low-demand PV reverse-flow stress",true,not Tauron operational data
gliwice_sunny_low_demand_v1,2026-04-18T23:00:00+02:00,gliwice,gliwice_f04,0.0,false,0.0,"sunny spring day, local low-demand PV reverse-flow stress",true,not Tauron operational data
gliwice_sunny_low_demand_v1,2026-04-18T00:00:00+02:00,gliwice,gliwice_f05,0.0,false,0.0,"sunny spring day, local low-demand PV reverse-flow stress",true,not Tauron operational data
gliwice_sunny_low_demand_v1,2026-04-18T01:00:00+02:00,gliwice,gliwice_f05,0.0,false,0.0,"sunny spring day, local low-demand PV reverse-flow stress",true,not Tauron operational data
gliwice_sunny_low_demand_v1,2026-04-18T02:00:00+02:00,gliwice,gliwice_f05,0.0,false,0.0,"sunny spring day, local low-demand PV reverse-flow stress",true,not Tauron operational data
gliwice_sunny_low_demand_v1,2026-04-18T03:00:00+02:00,gliwice,gliwice_f05,0.0,false,0.0,"sunny spring day, local low-demand PV reverse-flow stress",true,not Tauron operational data
gliwice_sunny_low_demand_v1,2026-04-18T04:00:00+02:00,gliwice,gliwice_f05,0.0,false,0.0,"sunny spring day, local low-demand PV reverse-flow stress",true,not Tauron operational data
gliwice_sunny_low_demand_v1,2026-04-18T05:00:00+02:00,gliwice,gliwice_f05,0.0,false,0.0,"sunny spring day, local low-demand PV reverse-flow stress",true,not Tauron operational data
gliwice_sunny_low_demand_v1,2026-04-18T06:00:00+02:00,gliwice,gliwice_f05,0.0,false,0.0,"sunny spring day, local low-demand PV reverse-flow stress",true,not Tauron operational data
gliwice_sunny_low_demand_v1,2026-04-18T07:00:00+02:00,gliwice,gliwice_f05,0.0,false,0.0,"sunny spring day, local low-demand PV reverse-flow stress",true,not Tauron operational data
gliwice_sunny_low_demand_v1,2026-04-18T08:00:00+02:00,gliwice,gliwice_f05,0.049,false,0.0,"sunny spring day, local low-demand PV reverse-flow stress",true,not Tauron operational data
gliwice_sunny_low_demand_v1,2026-04-18T09:00:00+02:00,gliwice,gliwice_f05,0.5604,false,0.0,"sunny spring day, local low-demand PV reverse-flow stress",true,not Tauron operational data
gliwice_sunny_low_demand_v1,2026-04-18T10:00:00+02:00,gliwice,gliwice_f05,1.0,true,0.0014,"sunny spring day, local low-demand PV reverse-flow stress",true,not Tauron operational data
gliwice_sunny_low_demand_v1,2026-04-18T11:00:00+02:00,gliwice,gliwice_f05,1.0,true,0.0721,"sunny spring day, local low-demand PV reverse-flow stress",true,not Tauron operational data
gliwice_sunny_low_demand_v1,2026-04-18T12:00:00+02:00,gliwice,gliwice_f05,1.0,true,0.0951,"sunny spring day, local low-demand PV reverse-flow stress",true,not Tauron operational data
gliwice_sunny_low_demand_v1,2026-04-18T13:00:00+02:00,gliwice,gliwice_f05,1.0,true,0.0731,"sunny spring day, local low-demand PV reverse-flow stress",true,not Tauron operational data
gliwice_sunny_low_demand_v1,2026-04-18T14:00:00+02:00,gliwice,gliwice_f05,1.0,true,0.0146,"sunny spring day, local low-demand PV reverse-flow stress",true,not Tauron operational data
gliwice_sunny_low_demand_v1,2026-04-18T15:00:00+02:00,gliwice,gliwice_f05,0.7166,false,0.0,"sunny spring day, local low-demand PV reverse-flow stress",true,not Tauron operational data
gliwice_sunny_low_demand_v1,2026-04-18T16:00:00+02:00,gliwice,gliwice_f05,0.2974,false,0.0,"sunny spring day, local low-demand PV reverse-flow stress",true,not Tauron operational data
gliwice_sunny_low_demand_v1,2026-04-18T17:00:00+02:00,gliwice,gliwice_f05,0.0,false,0.0,"sunny spring day, local low-demand PV reverse-flow stress",true,not Tauron operational data
gliwice_sunny_low_demand_v1,2026-04-18T18:00:00+02:00,gliwice,gliwice_f05,0.0,false,0.0,"sunny spring day, local low-demand PV reverse-flow stress",true,not Tauron operational data
gliwice_sunny_low_demand_v1,2026-04-18T19:00:00+02:00,gliwice,gliwice_f05,0.0,false,0.0,"sunny spring day, local low-demand PV reverse-flow stress",true,not Tauron operational data
gliwice_sunny_low_demand_v1,2026-04-18T20:00:00+02:00,gliwice,gliwice_f05,0.0,false,0.0,"sunny spring day, local low-demand PV reverse-flow stress",true,not Tauron operational data
gliwice_sunny_low_demand_v1,2026-04-18T21:00:00+02:00,gliwice,gliwice_f05,0.0,false,0.0,"sunny spring day, local low-demand PV reverse-flow stress",true,not Tauron operational data
gliwice_sunny_low_demand_v1,2026-04-18T22:00:00+02:00,gliwice,gliwice_f05,0.0,false,0.0,"sunny spring day, local low-demand PV reverse-flow stress",true,not Tauron operational data
gliwice_sunny_low_demand_v1,2026-04-18T23:00:00+02:00,gliwice,gliwice_f05,0.0,false,0.0,"sunny spring day, local low-demand PV reverse-flow stress",true,not Tauron operational data
